Id,title,author,day,genre,story,platform
1,인생존망,박태준 / 전선욱,월,"에피소드, 액션","학교 다닐때 그렇게 놀았으면, 
졸업하고 지금은 불행해야 하는거 아니야?
너 때문에 망한 내인생, 너도 한번 당해봐",네이버 웹툰
2,뷰티풀 군바리,설이 / 윤성원,월,"스토리, 드라마",여자도 군대에 간다면?'본격 여자도 군대 가는 만화!,네이버 웹툰
3,윈드브레이커,조용석,월,"스토리, 스포츠",자유를 꿈꾸는 청춘들의 스트릿라이딩 드라마,네이버 웹툰
4,소녀의 세계,모랑지,월,"스토리, 드라마","완벽해 보이지만 사실 외로웠던 백조들과 맘씨 착한 오리가 만나
여러 갈등을 함께 겪으며 진짜 친구가 되어가는데...",네이버 웹툰
5,파이게임,배진수,월,"스토리, 스릴러","시간이 흐르면 돈이 쌓인다.
피가 흐르면 시간이 쌓인다.",네이버 웹툰
6,백수세끼,치즈,월,"스토리, 드라마","이별 뒤에도 밥은 넘어간다.
백수 재호가 먹는 세끼",네이버 웹툰
7,장씨세가 호위무사,조형근 / 김인호,월,"스토리, 시대극","‘당신이 부른 것이오. 나란 사람을... ’
은둔고수 광휘. 호위무사 되다!",네이버 웹툰
8,앵무살수,김성진,월,"스토리, 판타지","진시황이 남긴 비서 선근경!
비서를 둘러싼 살수행이 시작된다",네이버 웹툰
9,유일무이 로맨스,두부,월,"스토리, 로맨스","평범한 취준생 공유일의 일상에
인기절정 탑배우 탁무이와 아이돌 류민이 침범해오기 시작했다! 
사심가득 탑스타♥",네이버 웹툰
10,칼가는 소녀,오리,월,"에피소드, 드라마","치사율 100%의 인싸 희귀병 소녀 '사랑'
누구보다 차분하고 두려움 없는 같은 반 소녀 '은조'
두 소녀가 가슴 속 칼을 품고 세상을 향한 복수를 꿈꾼다.
네이버웹툰 최강자전 18년 대표작.",네이버 웹툰
11,오늘의 순정망화,손하기,"월, 화, 목","에피소드, 코믹","그마고 초엘리트집단 삼국시대 앞에 나타난 전학생 가야!
가야의 마음을 얻는 건 누구?",네이버 웹툰
12,리턴 투 플레이어,인덱스 / 세혼,월,"스토리, 판타지","어느 날, 게임이 되어버린 세상.
갑자기 나타난 몬스터들이 사람들을 죽이고, 사람들은 플레이어가 되어  퀘스트를 달성해야 한다!
인류의 종말에서 회귀한 2회차 플레이어, 김세한.
그는 과연 세상을 이렇게 만든 '시스템'을 쳐부술 수 있을까!",네이버 웹툰
13,열렙전차,김세훈,월,"스토리, 판타지","본 컨텐츠는 월드오브탱크의 브랜드 웹툰으로 김세훈 작가가 전하는 열렙전사의 또다른 이야기입니다.
‘열렙전사’ 팀의 불꽃 튀는 승부! 본격 탱크전, 열렙전차!",네이버 웹툰
14,싸이코 리벤지,기송 / 넴가,월,"스토리, 액션","종잡을 수 없는 싸이코 스트리머 네온마스크가
전국의 모든 일진조직들을 상대로 전쟁을 벌인다.
“너희가 나의 가족을 빼앗았으니
나는 너희의 모든 걸 짓밟아주마.”",네이버 웹툰
15,평범한 8반,영파카,월,"스토리, 드라마","안 평범한 아이들이 모인 평범한 8반
고품격 웰메이드 병맛을 느껴보세요",네이버 웹툰
16,링크보이,광진 / 두엽,월,"스토리, 판타지","약육강식의 무법도시.
잘못된 이 도시를 바로잡는다.",네이버 웹툰
17,히어로메이커,빤쓰,월,"옴니버스, 판타지",왕은 영웅이 되고 싶어하는 공주의 소원을 들어주기로 전격 결심! 공주를 속이고 마치 영웅이 된 것처럼 만들기 위해 온 나라가 연극을 하게 되는데..파란만장한 그들만의 눈물겨운 영웅만들기의 대장정이 펼쳐집니다~,네이버 웹툰
18,침범,공세리 / 영영이,월,"스토리, 스릴러","6살이라고 생각하기 힘들만큼 잔혹성을 보이는 '소현',
왠지 모를 꺼림칙함이 느껴지는 고독사 청소업체 직원 '민'
그녀를 만난 후, 내 삶이 무너지기 시작했다.",네이버 웹툰
19,아는 여자애,허니비,월,"스토리, 로맨스","내게는 운명, 그애에겐 아는 여자애",네이버 웹툰
20,교환일기,한끼룩,월,"스토리, 드라마","인싸로 살아가던 여대생 한나무, 
생일파티에 가던 길에 교통사고를 당하고...
왕따 여중생이 되어 깨어나다.",네이버 웹툰
21,사장님을 잠금해제,박성현,월,"스토리, 코믹","얼떨결에 죽어 스마트폰이 된 39살 대기업 천재 CEO 선주,
얼떨결에 그 스마트폰을 주운 29살 취준생 인성,
아홉수 두 사람이 힘을 합쳐 살인범을 찾는다.",네이버 웹툰
22,데드라이프,후렛샤 / 임진국,월,"스토리, 액션","지능을 가진 좀비,
세상을 파멸시킬 것인가 구원할 것인가.",네이버 웹툰
23,삶이 우리를 속일지라도,김지수,월,"스토리, 로맨스","재벌 3세들과 친해진 가난한 대학생!
그녀는 솔직해질 수 있을까?",네이버 웹툰
24,닥터 하운드,아루아니 / 레임,월,"스토리, 스릴러","인간의 생각과 감정 그리고 죽음의 흔적까지
꿰뚫어 보는 눈을 가진 남자 '하운드'
그 앞에 벌어지는 기괴한 연쇄 자살 사건!",네이버 웹툰
25,일진이 사나워,강환영 / 김현아,월,"스토리, 드라마",갑작스러운 고백으로 만난 나와 정반대인 남자친구. 우리... 왜 사귀는거지?,네이버 웹툰
26,결혼생활 그림일기,은꼼지,월,"옴니버스, 일상",조용할 날 없는 우당탕탕 두 짐승의 결혼생활 이야기!,네이버 웹툰
27,신의 탑,SIU,월,"스토리, 판타지","자신의 모든 것이었던 소녀를 쫓아 탑에 들어온 소년
그리고 그런 소년을 시험하는 탑",네이버 웹툰
28,이것도 친구라고,제야,월,"스토리, 드라마","내 평범한 일상을 조여오는 시한폭탄 같은 녀석들이 찾아왔다! 
파란만장한 청춘 라이프",네이버 웹툰
29,원하는 건 너 하나,"달콤J,박성실 / sage",월,"스토리, 로맨스","대기업 경영권을 물려받으려면 5년 전 자신을 떠난 은율과 결혼해 1년 이상 살아야 한다는 할아버지의 유언.
배신의 상처가 아직 크지만 어쩔 수 없이 5살 아이를 홀로 키우고 있는 은율과 어색한 동거를 시작하게 된다.",네이버 웹툰
30,서브 콤플렉스,소이,월,"에피소드, 로맨스","눈 떠보니 순정만화 여자주인공! 
여자 주인공이 되었지만 서브 남주가 더 좋아!",네이버 웹툰
31,위대한 방옥숙,매미 / 희세,월,"스토리, 드라마","한강 조망권 지키려다가 한강에 시체를 유기한 여자들의 이야기.
""내 집값은 내가 지킨다!""",네이버 웹툰
32,꿈의 기업,문지현,월,"스토리, 스릴러","문명을 지배하는 거대기업과 
거대기업을 움직이는 인공지능.
그 인공지능이 꿈을 꾸기 시작했다.",네이버 웹툰
33,노력의 결과,악파,월,"스토리, 스릴러","완벽주의 아버지 밑에서 자란 재경, 
이번 시험에서도 전교 1등을 사수해야 한다.",네이버 웹툰
34,와이키키 뱀파이어,요니요니,월,"스토리, 드라마","고졸 검정고시를 준비 중인 야식 배달원 뱀파이어 김군. 
어느 날 그는 잘못된 주소로 배달을 갔다가 
그곳에서 뱀파이어로 추정되는 한 여자와 마주치게 되는데…",네이버 웹툰
35,도플갱어의 게임,킹스날 / 쥐주,월,"스토리, 스릴러","여고에서 시작된 시한폭탄 같은 게임! 
수업종료종이 울릴 때마다, 한 명씩 영혼을 빼앗긴다.",네이버 웹툰
36,피플,서승준 / 손창균,월,"스토리, 드라마","평범한 삶을 원하는 선장과 선원들.
바다 한 가운데서 펼쳐지는 그들의 긴박한 이야기.",네이버 웹툰
37,정보전사 202,이작가,월,"스토리, 액션","간첩 202호! 작전명 한라혈통!
관종의 임무를 완수하고 자유를 얻어라.",네이버 웹툰
38,두근두근 네가 좋아서,서혜은 / 박래모,월,"스토리, 로맨스","모든 게 완벽한 탑스타 서건우, 만만치 않은 신인 민서연에게 반해버렸다.",네이버 웹툰
39,여기 악마가 있어,맷집왕,월,"스토리, 드라마","게임회사의 인사팀에서 일하게 된 1년 차 직장인 조승훈.
인간의 모습을 한 악마 상사와 함께 회사를 급성장시키게 되는데…
성장의 이면에 있는 악마의 진짜 목표는 무엇이며, 
이를 깨달은 인간은 과연 어떤 선택을 하게 될 것인가.",네이버 웹툰
40,지구멸망버튼,박장고 / 신동구,월,"스토리, 액션","갑자기 생겨난 의문의 빨간 버튼
그리고 필사적으로 버튼을 지켜내려는 자들
빨간 버튼을 누르면 지구가 멸망한다고!?",네이버 웹툰
41,하슬라,까를로스 / 유상진,월,"스토리, 액션","일곱 번 타인의 삶을 구하면 한 번의 살인이 무죄가 되는 도시 하슬라.
처절한 복수를 꿈꾸는 도진. '피의 도시' 하슬라에서 사마리안이 되다.",네이버 웹툰
42,뱀파이어의 꽃,카나리아 / 동물,월,"스토리, 로맨스","500년 만에 인간 세상에 나타난 뱀파이어, 루베르이와 인간 계약자 서영의
'뱀파이어 꽃'을 찾는 숨 막히는 모험과 사랑을 그린 뱀파이어 로맨스.",네이버 웹툰
43,드로잉 레시피,꼬모소이,월,"스토리, 감성","나만의 붓을 잡기 위해 떠난
용서와 성장의 힐링여행",네이버 웹툰
44,인간의 온도,이재익 / 양세준,월,"스토리, 드라마","형사와 기자 그리고 이상한 소년.
일어나선 안 될 사건들.",네이버 웹툰
45,백호랑,박혬,월,"스토리, 판타지",서쪽의 신수 백호랑. 과거의 죄를 씻기 위해 인간계에서 하늘의 심부름을 수행중,네이버 웹툰
46,물레,고긱,월,"스토리, 드라마","첫 술자리에서 전과 선언.
이거 내 얘기 아니지..?",네이버 웹툰
47,중독연구소,김택기,월,"옴니버스, 드라마","중독 가정에서 자라온 소년, ‘김태림’은 중독 전문병원에 입사를 하게 되면서 자신의 문제를 바라보게 된다.
우리 모두의 중독 이야기, 당신은 무엇에 중독이 되어있나요?",네이버 웹툰
48,모락모락 왕세자님,원해,월,"스토리, 로맨스","온천마을에 찾아온 꽃미남 왕세자일행과
신비한 힘을 가진 소녀의 판타지 로맨스",네이버 웹툰
49,결백한 사람은 없다,서각,월,"스토리, 드라마","15년 전 실종된 아이가 돌아왔다.
초능력을 가진 순경의 아동실종 심리 수사극",네이버 웹툰
50,블루투스,국승원,월,"스토리, 판타지","탐사선의 폭발!
우주 한가운데 홀로 남겨진 우주 비행사.",네이버 웹툰
51,여신강림,야옹이,화,"스토리, 로맨스","누구에게나 비밀은 있다! 
그렇다면 여신에게는 어떤 비밀이?!",네이버 웹툰
52,관계의 종말,김용키,"화, 금","스토리, 스릴러","여자친구와 함께 떠난, 비경에 숨겨진 펜션으로의 여름휴가.
하지만 불쾌한 펜션 주인을 시작으로 주인공의 트라우마를 끄집어내는 끔찍한 만남들이 이어진다.
지옥으로 치닫는 사건과 사고.. 이제 모든 것을 끝낼 때가 왔다.",네이버 웹툰
53,후기,조석,화,"스토리, 스릴러",무가지에 연재되던 삼류 소설이 사실은 누군가의 살인 후기였다!,네이버 웹툰
54,한림체육관,혜성 / 이석재,화,"에피소드, 액션",세상에서 가장 강한 남자가 되고 싶다,네이버 웹툰
55,바른연애 길잡이,남수,화,"스토리, 로맨스","바른 생활 만렙 정바름
연애는 레벨 1부터?!",네이버 웹툰
56,랜덤채팅의 그녀!,박은혁,화,"스토리, 드라마","랜덤채팅만 하던 준우에게 온 기적!
과연 그녀에게 다가갈수 있을까?!",네이버 웹툰
57,하루만 네가 되고 싶어,삼,화,"스토리, 판타지","완벽한 인생이었다, 그 애가 나타나기 전까지는'
반전에 반전을 거듭하는 치밀한 궁중 서스펜스",네이버 웹툰
58,사신소년,류,화,"스토리, 액션",수명을 대가로 죽은 자의 능력을 빌리는 소년,네이버 웹툰
59,신도림,오세형,화,"스토리, 액션","세상이 무너지고 세워진 지하도시 신도림
그곳에 들어가지 못하고 생존한 소년들이 지하도시의 비밀을 파헤친다",네이버 웹툰
60,헬58,장성준,화,"스토리, 액션","약육강식의 섬 헬58에서 벌어지는 권력다툼과 암투, 배신. 
주인공 서민은 이 지옥같은 섬에서 과연 희망을 찾고 탈출할 수 있을까?",네이버 웹툰
61,중증외상센터 : 골든 아워,한산이가 / 홍비치라,화,"스토리, 드라마","살 수 있는 환자들이 죽어 가고 있다. 이제 더는 그런 일이 없도록 하겠다.
사명감 있는 또라이. 중증외상센터의 난폭한 천사. 
외상외과 전문의 백강혁, 그의 중증외상센터 되살리기 프로젝트.",네이버 웹툰
62,삼국지톡,무적핑크 / 이리,"화, 금","에피소드, 시대극","""유비, 조조, 손권 등 영웅들이 활약하던 후한, 그 난세에 핸드폰이 있었다면?
메신저로 소통하고, 개인 방송으로 군사를 모집한다! 
이제껏 보지 못한 완전히 새로운 삼국지!""",네이버 웹툰
63,2020 호랑 공포 단편선,호랑,화,"옴니버스, 스릴러","""진짜 공포를 보여드리겠습니다""
'옥수역 귀신', '봉천동 귀신'으로
대한민국을 공포에 몰아넣었던 호랑작가가
2020년 새로운 귀신 이야기로 다시 돌아왔다!",네이버 웹툰
64,원주민 공포만화,원주민,화,"스토리, 스릴러","끝까지 방심하지 말 것!
당신의 상상을 뛰어넘는 본격 반전 공포 스릴러가 온다!",네이버 웹툰
65,달콤살벌한 부부,플라비 / 장그린,화,"스토리, 로맨스","학창 시절 내내 앙숙이었던 남자, 
10년 만에 나타나 거절키 어려운 조건으로 쇼윈도 부부를 제안하다.",네이버 웹툰
66,집이 없어,와난,화,"스토리, 드라마","집을 버리고 뛰쳐나간 고해준, 집 없이 텐트 생활하는 문제아 백은영. 
악연으로 만난 두 사람은 버려진 옛날 기숙사에서 함께 살게 되는데.. 
기숙사도 서로도 싫지만 돌아갈 곳이 없는 두 사람의 힘든 성장 이야기",네이버 웹툰
67,완벽한 가족,냥빠 / 주은,화,"스토리, 스릴러","누가 봐도 행복하고 완벽한 선희네 가족.
어느 날, 선희는 친구 경호를 죽였다는 고백을 하지만
엄마의 반응이 뭔가 이상하다.",네이버 웹툰
68,견우와 선녀,안수민,화,"스토리, 드라마","죽음이 가까워진 사람들은 '거꾸로' 걸어들어 온다
그리고 그게 하필 내 이상형이라니!?",네이버 웹툰
69,체크포인트,송가 / 은소,화,"스토리, 드라마","내 인생에 세이브 포인트가 있다면?
하루에도 수십 번씩 시간을 되돌리는 남자.",네이버 웹툰
70,윌유메리미,마인드C,"화, 토","에피소드, 일상","외모는 상남자, 마음은 감성소녀 윌.외모는 청순녀, 마음은 터프가이 메리! 
서울 부산 띠동갑 커플의 리얼 연애 일기",네이버 웹툰
71,빅맨,하하영,화,"스토리, 스포츠","키가 크다는 건 엄청난 축복이라고?
208cm인 나한테는 그저 저주일 뿐이다!
빅맨 나은덕의 청춘 성장 학원물!!",네이버 웹툰
72,용왕님의 셰프가 되었습니다,문백경 / 카라쿨,화,"스토리, 판타지","인당수에 몸을 던진 심청! 귀차니즘 드래곤의 던전에서 깨어나다?
사연 많은 귀염뽀짝 몬스터와 맛있는 공생라이프!",네이버 웹툰
73,악마와 계약연애,장진 / 움비,화,"스토리, 로맨스","아무것도 원하지 않는 인간 한나.
갑자기 나타난 악마와 영혼을 걸고 계약을 하게 되다?!",네이버 웹툰
74,ㅋㄷㅋㄷ만화,곽백수,화,"에피소드, 일상",본 컨텐츠는 질병관리청의 브랜드 웹툰으로 곽백수 작가가 전하는 HIV/AIDS(에이즈) 예방 캠페인입니다.,네이버 웹툰
75,사이드킥 2~3,신의철,화,"스토리, 판타지","슈퍼히어로의 조수 '사이드킥' 
악당 빌런들과 맞서 싸우는 슈퍼히어로와
사이드킥들의 이야기!",네이버 웹툰
76,"플레이, 플리",이에프,화,"스토리, 로맨스","내 비밀을 유일하게 아는 아이돌이 같은 과 동기? 
아이돌로부터 도착한 수상한 디엠! 
우리가 같은 과 동기라는 사실을 너는 알까?",네이버 웹툰
77,정년이,서이레 / 나몬,화,"스토리, 드라마","가진 것 없고 배운 것 없지만, 소리 하나만큼은 타고난 목포 소녀 정년! 
정년의 꿈은 여성 국극단에 들어가 부자가 되는 것인데… 
배워야 할 것은 많고, 주연 배우 자리는 멀기만 하다. 
과연 정년은 대 스타가, 부자가 될 수 있을까?",네이버 웹툰
78,신의 언어,장래혁,화,"스토리, 판타지","퇴마계의 신개념 영웅!
프로그래머 난새의 마계 전투가 시작된다!",네이버 웹툰
79,땅 보고 걷는 아이,다온,화,"스토리, 드라마","나는 항상 주눅들어있는 아이였다.
폭력이 나에게 미친 영향에 대한 이야기.",네이버 웹툰
80,제로게임,즐바센,화,"스토리, 판타지","인생 재건설 서바이벌
2015 대학만화 최강자전 수상작!",네이버 웹툰
81,은주의 방 2~3부,노란구미,화,"스토리, 드라마","인테리어에서 연애까지,
은주의 라이프 체인지 스토리",네이버 웹툰
82,연우의 순정,이솔,화,"스토리, 감성","여학생으로 오해받을 정도로 여리여리한 외모를 가진 연우. 
그는 교내 인기스타인 강해솔을 몰래 좋아하고 있다.
하지만 낯을 굉장히 많이 가리고 소심한 연우는 같은 반인 해솔이에게 말 한 번 붙여본 적 없는데…",네이버 웹툰
83,그놈은 흑염룡,혜진양,화,"스토리, 로맨스","요즘 것들은 랜덤채팅 한다고? 
2000년대엔 게임 ♨정모♨가 있었다!
그곳에서 만난 그 남자 흑.염.룡.",네이버 웹툰
84,오파츠,성진 / 부겸,화,"스토리, 판타지","이 세상에 존재할 수 없는 물건인 ‘오파츠’를 소유한 이들. 
그들이 살아가는 세상인 경계의 밖(Out), 그곳에서 일어난 수많은 특별한 이야기.",네이버 웹툰
85,한강예찬,김8,화,"스토리, 드라마","겉보기엔 좋아보이지만 속은 썩었어! 가식에 지친 현대인의 현타 도미노.
고교동창생 한세련/강아영/예은지/차안나의 관계, 그리고 이야기.",네이버 웹툰
86,올가미,해무리,화,"스토리, 드라마",너의 지독한 덫에 빠져들다.,네이버 웹툰
87,숲속의 담,다홍,화,"스토리, 감성","어느 순간부터 성장이 멈춘 '담'은
사람들을 피해 숲속으로 떠난다.",네이버 웹툰
88,자판귀,윤정민,화,"에피소드, 스릴러",자판기에서 내가 원하는 것이 나온다!?,네이버 웹툰
89,패밀리 사이즈,남지은 / 김인호,"화, 일","에피소드, 일상","삼형제와 이제막 태어난 막내딸까지!
결혼 십 년 차에 가족의 규모(패밀리 사이즈)가 부쩍 커진
한 만화가 부부의 육아와 삶 이야기",네이버 웹툰
90,언메이크,박화랑,화,"스토리, 판타지","멀지 않은 미래, 미세먼지 폭풍으로 인류는 맑은 공기를 잃었다.
목에 이식하는 기생 필터의 개발로 위기를 극복했다고 생각했지만,
기생 필터가 변이를 일으키며 세상은 다시 한번 위기에 빠지는데...",네이버 웹툰
91,별종,이무기,화,"스토리, 드라마","지구에 방문한 이방인.
그가 몰고 온 불행의 시작.",네이버 웹툰
92,도를 아십니까,이건 / 요엘,화,"스토리, 판타지","전래동화가 이렇게 꼬인다고?
제대로 약빤(?) 이야기가 시작된다",네이버 웹툰
93,너에게만 보이는,소소만,화,"스토리, 드라마","나의 위로가 너에게 닿기를! 
당신의 마음을 치유하는 판타지 로맨스",네이버 웹툰
94,필살VS로맨스,구르,화,"스토리, 코믹","무협 만화 같은 여자 ‘유비’. 순정 만화 같은 남자 ‘신우’.
자신의 장르대로 살아가던 두 사람의 순탄치 않은 썸타기!
만화의 정석대로 해피엔딩을 이룰 수 있을까?!",네이버 웹툰
95,그날 죽은 나는,이언,화,"스토리, 드라마","눈에 띄게 변해버린 그 아이,
무슨 일이 있었던 걸까?",네이버 웹툰
96,3cm 헌터,돌연변이,화,"스토리, 판타지","세상 사람들의 몸이 3cm로 줄어들었다. 
이제는 고양이, 개미, 청소기 등 일상의 모든 것이 위협인 상황. 믿을 것은 각자에게 주어진 이능력 하나뿐이다.",네이버 웹툰
97,저세상 클라스!,꾀돌이,화,"스토리, 액션","할머니와 몸을 공유해야하는 일진짱
그런데 이 할머니도 보통이 아니다
일진짱의 진정한(?) 이중생활!",네이버 웹툰
98,조선홍보대행사 조대박,김양수,화,"스토리, 코믹","냉혈한 광고홍보의 귀재
조선 시장에서도 성공할 수 있을까?",네이버 웹툰
99,안식의 밤,연제원,화,"스토리, 스릴러","노인들을 대상으로 한 연쇄 살인 사건의 전말
'나는 할머니를 죽이지 않았어요!!'",네이버 웹툰
100,아이고 아이고,하모,화,"스토리, 드라마","자유분방한 삶을 살던 가수 지망생.
불의의 사고를 겪고 장례지도사가 되기를 결심한다.",네이버 웹툰
101,장단에 맞춰줘!,햇님,화,"스토리, 로맨스","초단신 보람과 일진농구부 최겸의
너무 다른 반전 코믹 로맨스!",네이버 웹툰
102,빛빛빛,수진,화,"스토리, 로맨스","우리가 다시 만난다면, 나는 다른 선택을 할 수 있을까
엇갈린 첫사랑과의 재회",네이버 웹툰
103,헬퍼 2 : 킬베로스,삭,수,"스토리, 액션","역시는 역시 역시군.
킬베로스 트라이브의 대장 장광남이 펼치는 스트릿 액션 만화.",네이버 웹툰
104,고수,류기운 / 문정후,수,"스토리, 액션",천하제일의 고수 강룡. 그리고 수많은 다른 고수들의 이야기.,네이버 웹툰
105,복학왕,기안84,수,"스토리, 드라마","패션왕 우기명이 돌아왔다!
즐거운 대학 생활?! 과연?!",네이버 웹툰
106,전지적 독자 시점,UMI / 슬리피-C,수,"스토리, 판타지","'이건 내가 아는 그 전개다'
한순간에 세계가 멸망하고, 새로운 세상이 펼쳐졌다.
오직 나만이 완주했던 소설 세계에서 평범했던 독자의 새로운 삶이 시작된다.",네이버 웹툰
107,모죠의 일지,모죠,"수, 토","에피소드, 코믹","소신있는 취향과 내성적인 성향.
훌륭한 집순이 모죠의 은밀한 비밀들",네이버 웹툰
108,2020 최애캐의 MBTI,웹툰작가,"수, 금, 일","에피소드, 일상","사랑, 갈등, 눈물.. 그래서 그랬구나
내가 좋아하는 웹툰 주인공, 어떤 타입일까?
최애캐들의 MBTI를 기대해주세요!",네이버 웹툰
109,로어 올림푸스,레이첼 스마이스,"수, 일","스토리, 로맨스","어디서도 본 적 없는 신화 이야기, 풋내기 여신 페르세포네와 지하세계의 왕 하데스의 현대판 로맨스 판타지!
글로벌 No.1 인기작 'Lore Olympus'를 한국어 버전으로 감상하세요.",네이버 웹툰
110,튜토리얼 탑의 고인물,방구석김씨 / 오마감,수,"스토리, 액션",저주로 인해 튜토리얼 탑에 갇힌 헌터. 12년 만에 탑을 나가다!,네이버 웹툰
111,격기3반,이학,수,"스토리, 스포츠","한국이 세계 격투기의 중심이 된 세상. 전국 탑 클래스 격투기 학생들만 모인 남일고에 약골 소년 주지태가 돌연 투입된다.
신체적 약점이 상쇄되는 무술 ‘주짓수’를 통해, 주지태는 격기반의 정점에 오를 수 있을 것인가…?",네이버 웹툰
112,여주실격!,기맹기,수,"스토리, 드라마","'약'한 여배우 천리사
더이상 배우같은건 하고 싶지 않다던
그녀의 복귀 스토리!",네이버 웹툰
113,남주의 첫날밤을 가져버렸다,"황도톨,티바 / MSG",수,"스토리, 로맨스","뽀시래기 조연, 최강 집착남의 타깃이 되다!",네이버 웹툰
114,빌드업,911,수,"스토리, 스포츠","축구덕후지만 볼보이만 5년째?! 
빵셔틀 강마루의 열혈청춘 축구드라마",네이버 웹툰
115,고삼무쌍,B급달궁 / 하마,수,"스토리, 액션",천년간 사라진 무림이 현대 고등학교를 배경으로  되살아난다!,네이버 웹툰
116,일렉시드,손제호 / 제나,수,"스토리, 액션","고양이 몸에 깃든 각성자 카이든과 각성능력을 숨겨온 고등학생 지우 
러블리 2인조의 액션 판타지",네이버 웹툰
117,캐슬,정연,수,"스토리, 액션","복수를 위해 칼을 갈아온 특급 킬러 '김신',
뒷세계 '절대권력'과의 목숨 건 한판 승부!",네이버 웹툰
118,판타지 여동생!,유누,수,"스토리, 판타지","무시하지마!! 나도 만렙할 거야.
게임초보 여동생의 RPG 도전?!",네이버 웹툰
119,나쁜사람,둠스,수,"에피소드, 코믹","착한 남자가 좋다는 그녀의 이상형이 되기 위해 10년 동안 노력했다. 
그런데! 갑자기 나쁜 남자가 좋다는 그녀...

오늘부터 난... 나쁜 남자로 다시 태어난다.",네이버 웹툰
120,닥터앤닥터 육아일기,닥터베르,"수, 일","에피소드, 일상","산부인과 의사 엄마의 임신과 출산, 공학박사 아빠의 논문 기반 육아.
완벽할 것만 같은 이들의 앞길은 과연 순탄할까?
탄탄대로를 달리던 두 사람의 좌충우돌, 우여곡절 중구난방 육아 이야기!
웃다 울고, 울다가 웃게 되는 최고의 항문용 발모제툰!",네이버 웹툰
121,몰랐지만 괜찮아,"이저녁, 이온도",수,"옴니버스, 일상","본 콘텐츠는 문화체육관광부와 한국저작권위원회의 브랜드웹툰으로
캐릭터를 도용 당한 강남이, 온라인 강의를 잘못 이용한 성은의 에피소드를 이저녁, 이온도 작가가 함께 전달합니다!",네이버 웹툰
122,마른 가지에 바람처럼,달새울 / 화음,수,"스토리, 로맨스","남편을 잃고, 아이를 빼앗기고, 이제 생매장을 눈 앞에 둔 과부 리에타. 
그 곳에 ‘미친 폐황자’로 불리는 저주받은 땅, 악시아스 성의 대공. 킬리언이 나타났다.
그녀를 데려가겠다고 말하는 킬리언이 인사를 건넨다. “안녕, 요부”",네이버 웹툰
123,귀곡의 문,삼촌,수,"스토리, 드라마","귀신소굴로 유명한 삼도천동의 흉가,
평범한(?) 세입자들의 일상 코믹",네이버 웹툰
124,각자의 디데이,오묘,수,"스토리, 로맨스","헤어졌지만 헤어지지 않은 사이
솔직하지 못한 우리들 어떻게 될까요?",네이버 웹툰
125,이츠마인,럭스,수,"스토리, 스릴러","""어떻게 해야 너와 가까워질 수 있을까.""
오늘도 소년은 소녀의 뒷모습을 바라본다.",네이버 웹툰
126,갓물주,HD3,수,"스토리, 드라마","과거로 갈 수 있는 건물을 얻게 된 평범한 청년 송강기.
시간 이동으로 내가 얻은 이득만큼 누군가는 피해를 보게 되는 파이 싸움의 현실!
강기는 과연 어떤 선택을 해 나갈 것인가...",네이버 웹툰
127,레사 시즌2~3,POGO,수,"스토리, 판타지","종말의 때가 왔다...!
세계의 운명을 건 마지막 전쟁",네이버 웹툰
128,언덕 위의 제임스,쿠당탕,수,"에피소드, 코믹","제임스들이 펼치는 코믹 막장 에피소드!
지금 전세계의 제임스들이 몰려온다",네이버 웹툰
129,오버더문,포르토 / 이승준,수,"스토리, 스릴러","버스에서의 사고 후 잃어버린 2주 동안의 기억.
하늘에 뜬 푸른 달과 날아드는 수백 건의 달빛을 받으라는 문자들.
조심해. 너도 달빛을 쐬면 괴물이 되어버릴 테니까.",네이버 웹툰
130,정순애 식당,아르몽,수,"스토리, 드라마","미각을 잃은 사람도 이곳에 오면 ""맛있다""를 외칩니다!!
따뜻한 집밥과 사람 사는 냄새가 나는 힐링공간 정순애식당에 어서오세요~",네이버 웹툰
131,새벽 두 시의 신데렐라,산차,수,"스토리, 로맨스","3년이나 사귄 연인인 서주원이 재벌가의 막내아들이란 것을 알게 된 지 두 달. 
하윤서는 주원과 헤어지는 대가로 돈을 받는다. 그리고 실제로 헤어지기 위해 정 떨어지는 행동들을 하지만, 
주원은 아랑곳하지 않고 윤서의 마음을 돌리려 노력하는데….",네이버 웹툰
132,더 트웰브,공현곤,수,"스토리, 스릴러",수천년 전 조상들의 경주로 정해진 12인의 운명. 자리를 지키려는 1등과 바꾸려는 12등의 살벌한 대결!,네이버 웹툰
133,범이올시다!,해,수,"에피소드, 일상","호통 치는 영희 할머니와 무뚝뚝 소녀 방실이 앞에 나타난 
정체불명의 고양...아니 호랑이?",네이버 웹툰
134,방탈출,십박,수,"스토리, 스릴러","갑자기 떨어진 이곳에서 목숨을 건 방탈출이 시작된다.
모든 상황을 의심해라! 아니면 죽음뿐이다...",네이버 웹툰
135,아도나이,주동근,수,"스토리, 스릴러","외계인을 믿는 사이비종교 심층 취재기
이 종교, 알면 알수록 위험하다",네이버 웹툰
136,미래의 골동품 가게,구아진,수,"스토리, 스릴러","저주를 풀기 위한 단 한 가지의 방법. 
소중한 것들을 지키기 위한 기묘한 소녀의 퇴마가 시작된다.",네이버 웹툰
137,럭키언럭키,가천가,수,"스토리, 판타지","평범하게 살고 싶은 행운능력자!
어쩌다보니 초능력학교 전교1등?!?",네이버 웹툰
138,얼굴천재,지에이,수,"스토리, 드라마",꿈꾸었던 대로 인생이 갑자기 변했다!,네이버 웹툰
139,칼부림,고일권,수,"스토리, 시대극",뜻을 품고 한을 품은 팔도의 자제들아 서슬퍼런 칼날 내보이라!,네이버 웹툰
140,수상한 비밀상담부,149,수,"에피소드, 스릴러","태희는 같은 반 해원이 자꾸만 자기를 쳐다보는 게 신경 쓰인다.
쳐다보는 이유를 알기 위해 방과후 해원을 쫓아가는데…
골목길에서 해원이 웬 남자애랑 지금 뭐 하는 거지?!
충격과 혼란이 가득한 태희에게 해원이 건넨 말,
""야, 네 뒤에 귀신 붙었다.""

귀신 꼬이는 놈, 한태희!
귀신 보는 놈, 김해원!
귀신 치우는 놈, 최민우!
귀신 같은 놈, 김찬!

개성 강한 네 사람의 우당탕탕 오컬트 청춘 성장 드라마!!",네이버 웹툰
141,당신의 향수,호우,수,"옴니버스, 드라마","향기를 타고 잊지 못하는 순간으로 다시 한 번 돌아갈 수 있다면? 
그리운 순간의 향기를 향수로 만드는 조향사 J와 그 향기에 이끌려 찾아오는 손님들의 이야기. 당신의 향수.",네이버 웹툰
142,나의 우주,공이 / 김문경,수,"스토리, 로맨스","""외계인이 있다면 만나보고 싶어.""
어느날 갑자기 우주가 내게 말을 걸어왔다. 
그것도 짝사랑 남학생의 얼굴을 한 채로...?",네이버 웹툰
143,연놈,상하,수,"스토리, 드라마","중2 여름, 가지 말라는 말도 좋아했다는 말도 하지 못한 채 보낸 그녀가 3년 만에 나타났다.
지나버린 시간과 마주한 소년 그리고 소녀의 이야기",네이버 웹툰
144,스캔들,"달콤J,티바 / 도그",수,"스토리, 로맨스","당대 최고 인기 여배우의 스캔들의 주인공이 내 남편이라면?
남편의 불륜으로 신혼이 파탄난 지우는 기자생활을 접고 미국으로 떠나게 되고, 
전 남편이 거절할 수 없는 제안을 건네온다.",네이버 웹툰
145,커넥트,신대성,수,"스토리, 스릴러","내 눈을 가져간 그놈이 보는 광경이
내게도 보인다",네이버 웹툰
146,인터셉트,임주이,수,"에피소드, 로맨스","비 오는 날이면 늘 안 좋은 일만 생기던 그녀에게 처음으로 내린 따스한 비.
사랑에 지친 윤서에게 새로운 사랑이 찾아온다!",네이버 웹툰
147,원수를 사랑하라,정윤 / 태건,수,"스토리, 로맨스","고생 끝, 인생 리셋!.... 도 못했는데 과거를 들키다?!
늦깎이 대학생 배연희의 고군분투 캠퍼스 로맨스!",네이버 웹툰
148,천도,진작,수,"스토리, 판타지","인간 소년 '현성', 
동생의 병을 고치기 위해 
신의 과일 '도화'를 훔치려드는데...",네이버 웹툰
149,기억흔적,브라보 장,수,"스토리, 스릴러","사랑하는 가족을 잃은 남자.
가족을 살리기 위한 처절한 시간 여행이 시작된다.",네이버 웹툰
150,FM보이,육일공,수,"스토리, 로맨스","나에게만 들리는 그녀의 진심.
콩닥콩닥 주파수를 맞춰라!
방송부 아이들의 꿈, 우정, 사랑.",네이버 웹툰
151,비스타,유마,수,"스토리, 드라마","꿈을 잃고 방황하다 찾은 기회,
과거의 업보가 발목을 잡고마는데",네이버 웹툰
152,스몰,을승,수,"스토리, 로맨스",네 앞에 서면 왜 난 자꾸...♡,네이버 웹툰
153,노선도,효기,수,"스토리, 스릴러","암호화폐 투자 실패로 모든 걸 잃은 평범한 40대 회사원 '권한수'.
절망한 그의 앞에 우연히 현금 20억이 든 황금색 캐리어가 나타나지만,
오히려 점점 더 깊은 함정에 빠지고 만다.",네이버 웹툰
154,저승사자 출입금지,심웅섭,수,"스토리, 드라마","죽음 너머를 믿지 않는 간호사 주나비
그리고 그녀가 살린 저승사자 신의
그들의 트라우마 극복기.",네이버 웹툰
155,그 판타지 세계에서 사는 법,촌장,수,"스토리, 판타지","용사가 마왕을 물리친 후 100년 뒤,
과거의 상처를 잊은 그 판타지 세계 주민들 이야기",네이버 웹툰
156,독립일기,자까,"목, 일","에피소드, 일상","처음으로 나만의 집이 생긴다면? 
자까 작가의 나혼자 사는 이야기",네이버 웹툰
157,기기괴괴,오성대,목,"옴니버스, 스릴러","오성대 작가의 신작 옴니버스 미스테리 스릴러.
기묘하고 괴상한 이야기들.",네이버 웹툰
158,연애혁명,232,목,"스토리, 드라마","로맨스, 그런 건 우리에게 있을 수가 없어!
신개념 코믹 로맨스",네이버 웹툰
159,더 복서,정지훈,목,"스토리, 액션","누구도 범접할 수 없는 충격적인 재능! 그것은 과연 축복일까, 저주일까?!",네이버 웹툰
160,이두나!,민송아,목,"스토리, 로맨스","은퇴한 아이돌과 한집에서?!
'나노리스트' 민송아 작가의 
두근두근 누나 리스트!",네이버 웹툰
161,나노마신,현절무 / 금강불괴,목,"스토리, 판타지","갖은 멸시와 목숨의 위협을 받던 마교의 사생아 천여운, 
미래에서 나타난 후손이 천여운의 몸에 나노 머신을 주입한 후 그의 인생이 송두리째 바뀐다.
마교를 넘어 무림 최고의 자리에 오르기 위한 천여운의 거침없는 이야기가 시작된다!",네이버 웹툰
162,간 떨어지는 동거,나,목,"스토리, 로맨스",얼떨결에 구미호와 한집살림,네이버 웹툰
163,화이트 블러드,임리나,목,"스토리, 판타지","스타일리쉬 뱀파이어 액션!
그리고 처절한 로맨스..",네이버 웹툰
164,경기딸,이윤창,목,"에피소드, 일상","본 컨텐츠는 경기도, 경기관광공사의 브랜드 웹툰으로 이윤창 작가가 전하는 경기도 역사 여행지 소개 캠페인입니다.",네이버 웹툰
165,하드캐리,조양,목,"스토리, 드라마","""그 티어에 잠이 오냐?""
천상계 듀오의 프로게이머 도전기.",네이버 웹툰
166,가담항설,랑또,목,"스토리, 판타지","이번 주인공은 돌이다!
돌이지만 동료도 모으고 악당도 물리친다!
랑또 작가표 동양 판타지 소년만화",네이버 웹툰
167,겟백,세윤,목,"에피소드, 드라마","7년 전, 운명이 뒤바뀐 소녀들. 
하루 하루가 지옥이었다!",네이버 웹툰
168,전자오락수호대,가스파드,목,"스토리, 판타지","아무도 모르게 게임을 굴리는 비밀의 일꾼들.
최고 요원 패치의 게임 조난 굴곡사!",네이버 웹툰
169,꽃만 키우는데 너무강함,쿰타타 / 주현후,목,"스토리, 판타지","황재호는 자신의 꿈인 꽃집을 차리기 위해 게임을 시작하게 되는데,
게임 속에서 꽃집을 운영하기 위한 재호의 긴 여정이 시작된다",네이버 웹툰
170,시월드 판타지,진돌 / 히디,목,"스토리, 판타지","첫 눈에 반한 남편이 악마라니....
그리고 시어머니는 마왕?! ㄴ(°0°)ㄱ",네이버 웹툰
171,가타부타타,숭어,목,"스토리, 로맨스","모든 게 서툴고 어색했던 중학교 2학년 15살의 첫 연애.
그렇게 헤어졌던 첫사랑을 같은 대학, 자취방 바로 옆집에서 다시 마주하다! 
사랑이 뭔지, 연애가 뭔지 아직도 헷갈리고 서툴기만 한 스무 살. 과연 이번엔
스스로에게 당당하고 서로를 솔직하게 마주하는 연애에 성공할 수 있을까?",네이버 웹툰
172,무사만리행,운 / 배민기,목,"스토리, 액션","2세기 후반, 마한 연맹 고리국(古離國)의 무사 나루가 로마제국의 검투 노예로 팔려가 자유를 얻기 위해 처절한 사투를 벌인다.",네이버 웹툰
173,트롤트랩,유비,목,"스토리, 액션","트롤을 잡아, 인류를 지켜라!
정체불명 헌터 하태와 알바헌터 지현의 통쾌한 판타지 액션",네이버 웹툰
174,선의의 경쟁,송채윤 / 심재영,목,"스토리, 드라마",명문 여고에서 일어나는 소녀들의 피 튀기는 경쟁,네이버 웹툰
175,병의 기록,베어리,목,"에피소드, 드라마","충성! 이건 진짜 
군대 이야기지 말입니다!",네이버 웹툰
176,당신의 과녁,고태호,목,"스토리, 드라마","모든 것을 잃어버린 17년. 그래도 아직... 살아있다.
나를 살인자라 손가락질한 당신들은... 무죄입니까?",네이버 웹툰
177,쿠베라,카레곰,목,"스토리, 판타지","신의 이름을 가진 소녀와 마법사들이 펼쳐나가는
소속불명 장르 혼합 판타지",네이버 웹툰
178,최강전설 강해효,최병열,목,"스토리, 액션","맹수같이 거친 문제아 학생들만 모여있는 최강고등학교!!
그곳에서 변화가 시작되었다.
",네이버 웹툰
179,만물의 영장,보민,목,"에피소드, 코믹","저세상 능력치 자연인의
문명사회 적응기",네이버 웹툰
180,우리는 요정!,억수씨,목,"옴니버스, 감성","당신의 추억이 깃든 모든 것에 우리, 요정이 있을지도 모릅니다.
억수씨 작가가 그리는 뽀짝 코믹 갬성 옴니버스 18부작.",네이버 웹툰
181,셧업앤댄스,이은재,목,"스토리, 드라마","아이돌 연습생 5년. 오디션 프로그램 탈락. 학교로 돌아왔다.
에어로빅부??? 제발 날 내버려 둬! 난 이제 조용히 살고 싶다고!",네이버 웹툰
182,무모협지,초신우,목,"스토리, 코믹","강호를 평정했지만 그를 괴롭히는 한가지 고민
그것은 바로 대.머.리.
발모제를 향한 그의 모험이 시작된다!",네이버 웹툰
183,열등의 조건,또이,목,"스토리, 드라마","전교 2등만 해오던 정아.
불안감에 시험지를 훔치게 된다.",네이버 웹툰
184,안개무덤,김태영,목,"스토리, 스릴러","실종된 가족을 수사하려고 하면 할수록, 알 수 없는 초자연 현상에 시달린다.
사건 현장을 뒤덮는 벌레들. 그리고 부적. 이곳은 무덤이다.
지상최대공모전 우수상 수상작! 숨막히는 공포 스릴러가 왔다!",네이버 웹툰
185,집사레인저,현실안주형,목,"스토리, 액션",고양이가 세상을 지배한다.,네이버 웹툰
186,신비,반지,목,"스토리, 로맨스","긴 잠에서 깨어난 미지의 생명체 신비와 
그녀를 사랑하게 된 가람의 사랑 이야기 
'나의 뮤즈가 되어 줄래?'",네이버 웹툰
187,어쩔꼰대,강선율 / Jencil,목,"스토리, 액션","빵셔틀과 뒤바뀐 꼰대 조폭?!
이제 일진은 꼰대로 잡는다",네이버 웹툰
188,오일머니,정하용 / 펜촉,목,"스토리, 드라마","대한민국의 혈관, 송유관에서 기름을 훔친다! 도유꾼들의 석유쟁탈 범죄액션!",네이버 웹툰
189,로그아웃,임목원,목,"옴니버스, 스릴러","인간이 상상하기 힘든 신기술들이 개발되고
욕망을 충족해가는 사람들... 
인류에게 주어진 선물일까, 저주일까",네이버 웹툰
190,소녀180,나우원 / 델라,목,"스토리, 드라마","키 184cm 꽃미모 소녀의
파란만장 남자패션모델 도전기!",네이버 웹툰
191,겟라이프,MOOHAK,목,"스토리, 판타지","축복과 혼돈의 힘 '라이프'!
이를 둘러싼 음모와 대전쟁의 시작",네이버 웹툰
192,날 가져요,로즈빈 / 원펀치래빗,목,"스토리, 드라마","썸타는 영혼과의 살 떨리는 동거♥  
어느 날부터 찬양의 집에 영혼이되 영혼이 아닌 ‘그’가 찾아오기 시작한다. 두려움에 몇날 며칠을 피하기만 하던 찬양은 드디어 용기를 내 낯설고 두려운 ‘그’와 마주한다.  
그런데 뜻밖에도 그는 찬양에게 저승에서 자신에게 목숨 빚을 졌으니 그 빚 갚음으로 자신을 죽이려 한 범인을 함께 잡아달라 제안하는데! 그렇게 시작된 영혼과의 강제동거!",네이버 웹툰
193,보물과 괴물의 도시,이을,목,"스토리, 판타지","""그 지진사고 날 부터 내 눈에 괴물들이 보여.""
빠르게 변해가는 도시에서, 사라져가던 거리의 유물들이 인간에게 들러붙기 시작했다.",네이버 웹툰
194,셈하는 사이,면지,목,"스토리, 로맨스","사람의 마음을 1에서 100까지의 '숫자'로 볼 수 있는 권모란.
괴상한 능력을 없애기 위한 파란만장 고교생활이 시작된다!",네이버 웹툰
195,킬더킹,마사토끼 / joana,목,"스토리, 드라마","왕의 재능이란 무엇일까?
왕좌의 새로운 주인, 진정한 왕에 걸맞는 재능을 가려내는 게임이 시작된다!",네이버 웹툰
196,별을 삼킨 너에게,ARI,목,"스토리, 로맨스","어둠 같은 현실 속에서도 우리가 빛나는 이유는, 
저마다의 별을 품고 있어서가 아닐까?
별처럼 빛나는 우리들의 성장, 그리고 로맨스.",네이버 웹툰
197,미드나잇 체이서,석재윤,목,"스토리, 스포츠","고급차에 눈이 멀어 차를 훔친 고은구,
불법도박 레이싱에 강제소환되어 위험천만 활극을 펼친다.",네이버 웹툰
198,손아귀,황정훈,목,"스토리, 스릴러","직장인 브이로그를 운영중인 소진.
알 수 없는 살인사건에 휘말리다.",네이버 웹툰
199,스테어스,옹구,목,"스토리, 판타지",세상의 끝에서 가장 강한 자로 태어나라,네이버 웹툰
200,온새미로,여우 / 사문,목,"스토리, 로맨스","배우 지망생 해리는 특집 드라마 ‘무영탑’ 오디션 준비를 위해 방문한 국립 부여 박물관에서 신비로운 분위기의 백제 유물 ‘금동대향로’에 이끌린다.
해리로 인해 금동대향로 속에 갇혀 있던 천신의 아들 ‘온새미로’가 깨어나고, 멈춰져 있던 인연의 굴레가 다시 움직이기 시작한다.",네이버 웹툰
201,불릿 6미리,김도근,목,"스토리, 스포츠","축구부 에이스, 좋아하는 선배에게 고백하려 했는데... 에어소프트 게임 마스터가 된다?!",네이버 웹툰
202,깁스맨,맹물,목,"스토리, 드라마","정의를 위해 일진으로 살았다. 
근데 정의가 뭔지는 알아?",네이버 웹툰
203,롤랑롤랑,자유,목,"스토리, 판타지","코기 왕자 롤랑의 
멍뭉미 넘치는 모험판타지!",네이버 웹툰
204,밤하늘에 구름운,견지 / 그리온,목,"스토리, 로맨스","망겜 '검풍 온라인'의 NPC 초낙운, 
서윤의 평범했던 일상에 등장!?
NPC와의 좌충우돌 로맨스
지상최대공모전 1기 우수상 수상 작품",네이버 웹툰
205,갑자기 커피,우 / 리지,목,"스토리, 코믹","스무살, 첫 커피… 그리고 첫 사기…?!
세계 최고의 바리스타였던 지오반니와 조금(?)은 특이한 직원들과 함께하는
20살 동우의 본격 카페 알바 이야기!",네이버 웹툰
206,외모지상주의,박태준,금,"스토리, 드라마",어느날 그에게 일어난 기적같은 일,네이버 웹툰
207,갓 오브 하이스쿨,박용제,금,"스토리, 액션","전국, 전세계 고등학생 중 가장 쎈 녀석을 뽑는 대회가 열린다.

허구 100% 막장 액션의 끝!! 기대하시라!!!",네이버 웹툰
208,데드퀸,김규삼,금,"스토리, 판타지","절망에 빠져 죽음이 임박했을때, 진짜 여왕이 재림한다!
하이브 세계관의 장대한 끝, 데드퀸",네이버 웹툰
209,재혼 황후,알파타르트 / 숨풀,금,"스토리, 로맨스","동대제국의 완벽한 황후였던 나비에.
​황제인 남편이 정부를 황후로 만들려는 것을 알고 이혼을 택한다. 그리고 결심한다.
이곳에서 황후가 될 수 없다면 다른 곳에서 황후가 되겠다고.",네이버 웹툰
210,뫼신 사냥꾼,윤현승 / 방승현,금,"스토리, 판타지",한 서린 무사의 칼이 신령과 귀신을 겨눈다.,네이버 웹툰
211,1초,시니 / 광운,금,"스토리, 드라마","구조율 100%의 전설적인 소방관​
그의 특별한 능력은 무엇인가?",네이버 웹툰
212,개를 낳았다,이선,금,"스토리, 드라마","새로운 가족과 함께 하며 
다시 알게 된 행복과 기쁨",네이버 웹툰
213,살人스타그램,령,금,"옴니버스, 스릴러","SNS 잔혹 스릴러 시즌2!
귀신마피아게임에 초대되었습니다.",네이버 웹툰
214,화장 지워주는 남자,이연,금,"에피소드, 드라마",밋밋한 얼굴의 대학생이 천재 메이크업 아티스트의 뮤즈?!,네이버 웹툰
215,더 게이머,성상영 / 상아,금,"스토리, 판타지","이유도 모른 채 현실이 게임처럼 뒤바뀐다면 어떻게 될까?
레벨이 오르고, 스테이터스를 올릴 수 있다면?
게임이 되어 버린 현실 속 모험기!",네이버 웹툰
216,낙향문사전,바킹독 / 고기산적,금,"스토리, 판타지","온갖 비리가 가득한 과거 시험에 낙방해 좌절한 주인공 손빈. 
자신의 신세를 한탄하는 손빈 앞에 나타난 사자혁은 그에게 자신의 일대기를 기록할 것을 청한다. 
이후 둘은 함께 천하를 주유하게 되는데, 
과연 그의 붓이 써 내려가는 무림 일대기는 어떠한 기록을 남기게 되고, 
무림 세계에 발을 들이게 된 손빈의 운명은 어찌 흘러갈는지……",네이버 웹툰
217,걸어서 30분,이온도,금,"스토리, 로맨스","은하학원 위성은과 지구봉의 귀갓길 로맨스. 
세상 가장 설레는 시간, 걸어서 30분",네이버 웹툰
218,난약,정현주 / 박진환,금,"스토리, 판타지","진짜를 보는 눈, 그 눈에 비친 기이한 세계.
그리고 당신의 기억 속에 있는 그 사람.",네이버 웹툰
219,성경의 역사,최경민 / 영모,금,"스토리, 드라마","모두에게 사랑 받기에 모두가 증오하는 그녀, ‘성경’.
원치않는 애정과 증오속에 성경의 대학 생활은 꼬여만 간다. 
“사랑해, 성경아.""",네이버 웹툰
220,구남친이 내게 반했다,강하다 / 희똑,금,"스토리, 로맨스",한 오피스 안에 두 명의 구남친! 과연 한나봄의 운명은...?,네이버 웹툰
221,냐한남자,올소,금,"스토리, 로맨스","냥줍을 잘못하면...
남자친구가 생깁니다(?)",네이버 웹툰
222,사냥개들,정찬,금,"스토리, 액션","빚 때문에 얽힌 세 명의 젊은이들, 그들이 보여주는 더러운 돈 사냥이 시작된다.",네이버 웹툰
223,현혹,홍작가,금,"스토리, 스릴러","매혹적인 여인의 초상화 의뢰를 맡은 화가. 
시간이 지날수록 밝혀지는 여인의 정체와 미스터리한 사건들, 
그리고 어느새 여인에게 현혹된 화가의 이야기",네이버 웹툰
224,플레이어,박종석 / 오현준,금,"스토리, 액션",베댓 공약으로 어쩌다 웹툰 속 주인공이 되었다!,네이버 웹툰
225,복학생 정순이,한짜장,금,"스토리, 드라마",22살 정순이가 춘장고등학교에 복학하면서 일어나는 이야기!,네이버 웹툰
226,백년게임,하람 / 지야,금,"스토리, 판타지","""당신의 게임은 여기까지군요"" 
백 년마다 열리는 소원 그 이상을 이뤄주는 대회, 최종 우승자는 단 한 명.
소년 한시준, 가족을 구하기 위해 모든 것을 걸고 치열한 전투에 뛰어든다.",네이버 웹툰
227,옆집친구,이한솔,금,"스토리, 로맨스","그냥 옆집친구였던 네가
이제는 다르게 보여-",네이버 웹툰
228,피와 나비,레민,금,"스토리, 판타지","어느 날 나타난 정체불명의 괴물 '벌레'와, 
그에 맞서는 힘을 가진 '나비'의 아이들.",네이버 웹툰
229,소심한 팔레트,한민기,금,"스토리, 로맨스","당신의 설렘이 현실이 되는
일러스트 동아리 팔레트로 오세요",네이버 웹툰
230,고래별,나윤희,금,"스토리, 로맨스","1926년 일제 식민 지배 하의 조선. 
17세 소녀 수아는 군산 일대 친일파 대지주의 집에서 몸종으로 일하고 있다. 
어느 날 수아는 부상을 입은 채 해변가에 쓰러져 있는 독립운동가 의현을 발견하고, 그를 보호하게 되는데...",네이버 웹툰
231,금혼령-조선혼인금지령,천지혜 / 산책,금,"스토리, 로맨스","7년째 이어진 조선혼인금지령?!
왕을 상대로 한 인생 사기극",네이버 웹툰
232,상남자,도가도,금,"스토리, 액션","천상천하유아독존, 최고의 샐러리맨 한유현.
모든 것을 잃고 회귀하여 삶을 재설계한다!",네이버 웹툰
233,가슴털 로망스,갸오오,금,"스토리, 코믹","최고의 상남자가 되기 위한 여행을 떠나는 장호풍과 친구들
명언범벅 눈물범벅 의리범벅 코믹만화!",네이버 웹툰
234,신상 미스터리 극장,신상윤,금,"옴니버스, 스릴러","예상을 뒤엎을 연극의 막이 올랐다.
당신의 상상, 그 이상의 것",네이버 웹툰
235,얌전한 사이,JQ / 이진영,금,"스토리, 드라마","바라보기만 했던 그 사람이 아내를 잃었다. 
미쳤어! 난 결혼했잖아…",네이버 웹툰
236,닥터 프로스트 시즌 3~4,이종범,금,"스토리, 드라마","세상으로부터의 무력감. 엄습하는 두려움. 또다시 덧씌운 분노.
끝없는 혐오의 고리로 만들어진 지옥도가 펼쳐진 대한민국.
닥터프로스트와 그의 제자 윤성아가 거대한 음모를 막아선다.",네이버 웹툰
237,도롱이,사이사,금,"스토리, 드라마","유일무이 이무기 백정 집에서 태어난 권삼복! 
처음으로 자연산 이무기와 마주하게 된다.",네이버 웹툰
238,후덜덜덜 남극전자,김민혁,금,"옴니버스, 코믹","남극전자 출근 1일차, 신입사원 김정훈! 
이직을 준비중입니다.",네이버 웹툰
239,매지컬 메디컬,지공,금,"스토리, 드라마",날 구하러 온 마법 세계 힐러,네이버 웹툰
240,너의 미소가 함정,앵고,금,"스토리, 로맨스","살기 뿜뿜 살벌한 여자 차백합과 빛나는 외모를 가린 남자 안기유!
운명처럼 짝이 된 둘의 난감 빠방 스쿨 라이프!",네이버 웹툰
241,구독금지,김이연,금,"스토리, 스릴러","우리 채널에 범죄자가 접속했다.
숨막히는 생방송 스릴러!
​",네이버 웹툰
242,사우러스,이노,금,"스토리, 판타지",다시 돌아온 공룡의 시대! 무너진 인류문명을 지키려는 자들의 이야기,네이버 웹툰
243,버그,해마 / 송지형,금,"스토리, 액션","세상에 발생한 버그 현상을 이용해
인류를 지배하려는 자와 저지하는 자의 대립",네이버 웹툰
244,트럼프,이채은,금,"스토리, 판타지","사형 위기에 직면한 수배범 아버지와 세상 누구보다 존경하는 단장님 사이,
소년의 갈등이 시작된다. &lt;트럼프&gt; 시즌4!",네이버 웹툰
245,개미,재희,금,"스토리, 스릴러",우리의 발 밑에 그들이 살고있다.,네이버 웹툰
246,9등급 뒤집기,아백,금,"스토리, 드라마","한번호로 찍어도 받기힘들다는 9등급이
1등급을 노리기 시작했다!",네이버 웹툰
247,몽홀,장태산,금,"스토리, 시대극","차갑고 척박한 땅 몽홀
그 곳에서 펼쳐지는 감동의 대서사시",네이버 웹툰
248,감히,희나리,금,"스토리, 스릴러","진실을 향한 입과 귀를 틀어막고 짓누르는 그들. 
이제 죽음에서 자유로워진 그녀의 복수가 시작된다.",네이버 웹툰
249,꼬맹이를 부탁해!,마라링,금,"스토리, 로맨스","좋아하는 누나에게 고백하고 차인 호연, 
그런데 집에 놀러 온 귀찮은 꼬맹이가 누나의 동생이라구?! 
고백도 하고, 애도 돌보고! 꼬맹이와 함께 하는 일상!",네이버 웹툰
250,헬로도사,웅비,금,"스토리, 판타지","""이번 생에도 안녕?""
천재도사와 그가 지켜야 하는 어느 소녀의 이야기.",네이버 웹툰
251,스윗솔티,달삐,금,"스토리, 드라마","이번 알바는 잘리면 안 된다!!
욱하는 성격에 매번 사고만 치는 경찰 준비생의 성질 개조 알바가 시작됩니다.",네이버 웹툰
252,나쁜 쪽으로,오은 / 이세릴,금,"스토리, 드라마","학급 회비를 훔친 오해를 받는 선에게 
마리는 책임을 묻는 대신 기묘한 제안을 한다. 
그것은 구원의 손길이었을까 ",네이버 웹툰
253,합법해적 파르페,뼈피살,금,"스토리, 판타지",비범한 공주님 파르페의 신묘한 모험 판타지,네이버 웹툰
254,구주의 시간,송극장,금,"스토리, 드라마","동생이 죽었다. 
어플 안의 모두가 용의자다.",네이버 웹툰
255,나의 첫번째 새벽,신매,금,"스토리, 감성","""너에게 작은 용기를 줄게.""
하늘을 나는 소년을 만난 소녀의 이야기",네이버 웹툰
256,골든 체인지,브림스,금,"스토리, 판타지","세상에서 가장 불운한 소녀 강유와 

소녀의 불운을 막아주는 수상한 산신령 우암이 펼치는 판타지세계",네이버 웹툰
257,유미의 세포들,이동건,토,"에피소드, 로맨스","유미는 지금 무슨 생각을 하고 있을까?
그녀의 머릿속에서 바쁘게 움직이는 세포들 이야기!",네이버 웹툰
258,프리드로우,전선욱,토,"스토리, 드라마","한태성을 중심으로 벌어지는
 
다양한 청춘들의 스펙타클한 학원 시트콤 드라마",네이버 웹툰
259,호랑이형님,이상규,토,"스토리, 액션","신비한 힘을 가진 아이를 이용하여 세상을 지배하려는 반인반수 흰눈썹!
 
그리고 얼떨결에 아이의 보호자가 된 괴물호랑이 빠르와 착호갑사 지망생 가우리!
이제 힘을 합쳐 흰눈썹으로부터 아이와 세상을 지켜라!!!",네이버 웹툰
260,취사병 전설이 되다,제이로빈 / 이진수,토,"스토리, 판타지","대한민국 대표 흙수저, 강성재. 
불안하기만 한 군생활에 한줄기 빛처럼 다가온 전설의 취사병이 될 기회!",네이버 웹툰
261,비질란테,CRG / 김규삼,토,"스토리, 액션",법은 구멍이 나 있다. 내가 그 구멍을 메운다. 널 풀어준 법을 원망해라.,네이버 웹툰
262,회춘,기안84,토,"에피소드, 드라마","두 번의 청춘이 오는 세상에서
살아가는 사람들 이야기",네이버 웹툰
263,스터디그룹,신형욱 / 유승연,토,"스토리, 액션",최악의 깡패소굴 유성공고. 교내 유일 스터디그룹의 피튀기는 생존기,네이버 웹툰
264,초인의 시대,섭이,토,"스토리, 액션",사기캐 고딩 히어로 등.장.,네이버 웹툰
265,토끼대왕,김숭늉,토,"스토리, 스릴러","살인마 교생, 왕따를 구원하다.",네이버 웹툰
266,광장,오세형 / 김균태,토,"스토리, 액션","‘군계일학’ 정점에서 조직을 떠난 기준.

15년만에
홀로 복귀한다.",네이버 웹툰
267,민간인 통제구역,OSIK,토,"스토리, 스릴러","GP 그 이면에 감춰져있던. 
차마 말하지 못했던 이야기들",네이버 웹툰
268,남자주인공의 여자사람친구입니다,류희온 / 카콘,토,"스토리, 로맨스","어느 날 눈을 떠보니 소설 속 악녀로 환생 해버렸다…?!
살기 위해서는 남자 주인공을 피해야만 한다!",네이버 웹툰
269,나를 바꿔줘,이지호 / 호띠,토,"스토리, 드라마",인생을 바꾸기 위해 얼굴을 훔치다,네이버 웹툰
270,나이트런,김성민,토,"스토리, 판타지","우주력 430년. 성간이동이 가능해져 별과 별을 이동하는 시대
인간은 괴수와 싸우고 있다. 기사와 함께.광활한 우주를 배경으로 판타지 SF가 다가온다.",네이버 웹툰
271,두번째 생일,스프링,토,"스토리, 스릴러","열여덟 번째 생일 날. 
차마 기억하고 싶지 않은 '그것'이 찾아왔다.",네이버 웹툰
272,갓핑크,이상신 / 국중록,토,"스토리, 액션","흥분하면 거대해지는 그놈!
박성기를 함부로 자극하지 마라​",네이버 웹툰
273,아홉수 우리들,수박양,토,"스토리, 로맨스",스물아홉 우리들의 팩트폭행 로맨틱 코미디!,네이버 웹툰
274,탑코너,윤성 / 라군,토,"스토리, 스포츠","수학 천재의 킥오프! 
꿈을 좇는 소년들의 축구드라마",네이버 웹툰
275,아침을 지나 밤으로,손지은,토,"스토리, 판타지","'사과나무의 대가로 48일간 아이를 빌려가겠습니다'
기묘한 편지와 함께 사라진 동생 녹스를 찾아 헤매는 마네의 모험을 그린 정통 판타지",네이버 웹툰
276,광해의 연인,유오디아 / 러시,토,"스토리, 로맨스","아빠를 구하기 위해 조선시대로 타임슬립 한 경민. 그리고 그곳에서 만난 광해군,
400년의 시간을 뛰어넘은 특별한 사랑이야기",네이버 웹툰
277,동트는 로맨스,유월,토,"스토리, 로맨스","필름이 끊긴 사이, 짝사랑 후배와 무슨 일이...?!
어리둥절해도 어쨌든 해는 뜬다, 귀염뽀짝 청춘로맨스",네이버 웹툰
278,먹이,외눈박이 / 박수봉,토,"옴니버스, 스릴러","‘불길한 것들이 현실로 넘어오기 시작했다’ 
귀신을 보는 아이들과 그들이 겪는 악몽 같은 이야기들.",네이버 웹툰
279,공유몽,주신 / 유령선,토,"스토리, 판타지","자각몽을 뛰어넘은 또 다른 꿈의 세계가 있다면?
꿈을 빼앗긴 자들이 모이는 곳",네이버 웹툰
280,청춘 블라썸,홍덕 / NEMONE,토,"옴니버스, 로맨스","이제 막 청춘을 시작하고 있는 아이들.
봄으로 가기 위한 그들의 성장통.",네이버 웹툰
281,후아유!,이범 / 이도윤,토,"스토리, 로맨스","매번 변하는 말투와 행동. 너, 대체 정체가 뭐야?",네이버 웹툰
282,열불 로맨스,홍치,토,"스토리, 로맨스","죽기 싫으면 연애하라!
화 많은 소녀 불화자의 살기 위한 필'수(水)' 로맨스.",네이버 웹툰
283,홍시는 날 좋아해!,강하다 / 웃는해,토,"에피소드, 로맨스","스무 살 고3 홍시호의 즐거운 학교생활!
애정이 넘치는 학원 캠퍼스 시트콤",네이버 웹툰
284,압락사스,247,토,"스토리, 스릴러","""다 죽여버리면 되는 거잖아""
꼬일 대로 꼬인 악의 연대기",네이버 웹툰
285,피라미드 게임,달꼬냑,토,"스토리, 스릴러","매달 마지막 주 목요일 5교시, 잔혹한 서열게임이 시작된다.
이 섬뜩한 교실에서 전학생 성수지는 살아남을 수 있을까?",네이버 웹툰
286,웰캄투실버라이프,솔녀,토,"에피소드, 일상","라뗴는 말이야~ 금지!!
황혼 청춘의 본격 소통 이야기",네이버 웹툰
287,틴맘,theterm,토,"스토리, 드라마","나 혼자서 잘 할수 있을까?
어린 엄마의 좌충우돌 육아일기",네이버 웹툰
288,"저무는 해, 시린 눈",MURO,토,"스토리, 드라마","태양의 신 카리야의 가호를 받은 마녀 '힐데가르'.
고향을 잃은 북부인 '에르킨'은 마녀를 쫓아 이름 없는 성으로 향한다.",네이버 웹툰
289,피노키오 소녀,망순,토,"스토리, 스릴러","""이것은 공포 웹툰이 아니다."" 
그녀의 거짓말을 믿지 마세요...",네이버 웹툰
290,동네몬스터,이현민 / 이세형,토,"스토리, 액션","화려한 과거의 아저씨X정의의 고등학생
두 명의 몬스터가 동네의 평화를 지킨다!",네이버 웹툰
291,왕세자 입학도,무번,토,"스토리, 드라마","조선 후기, 성균관에 자그마한 신참이 들어온다! 
모종의 이유로 정체를 숨기고 성균관 유생이 된 
왕세자가 보고 겪는 체험! 민중의 현장!",네이버 웹툰
292,아테나 컴플렉스,케이사르,토,"스토리, 판타지","이런 여신님은 처음!
어느 여신님의 수천년에 걸친 애절한 짝사랑 이야기",네이버 웹툰
293,언데드,김우준,토,"스토리, 스릴러","대한의 혈청을 통해 회복되는 듯 보이던 좀비 바이러스들에 문제가 생겼다. 
복원센터는 더이상 대한의 혈청이 듣지 않아 난관을 겪고, 대한일행은 석배를 회복시킬 ‘새로운 혈청’을 찾기 위해 무법지대로 떠나지만, 그곳에는 또 다른 시련이 기다리고 있다!",네이버 웹툰
294,커피도둑,유지별이,토,"스토리, 판타지","학교 뒷산에 있는 카페 &lt;커피도둑&gt; 
그곳에 '시간을 사는 남자'가 있다는 소문이 퍼진다. 
1년 전, 사고를 당한 '유나래'는 저승사자 '새우'와 함께 그곳으로 찾아가 다시 살아나기 위해 시간을 훔치려 하는데...",네이버 웹툰
295,"안녕, 이바다씨",문나영,토,"스토리, 로맨스","물이 무서운 여자와 물에 사는 남자의 
청량미 넘치는 여름 로맨스!",네이버 웹툰
296,거미,모아이,토,"스토리, 스릴러","거미 떼로 뒤덮인 섬마을.
의심의 거미줄 속에서 그녀는 탈출할 수 있을까?",네이버 웹툰
297,꼬리 있는 연애,진하 / 헤폰,토,"스토리, 로맨스","""나무꾼의 환생과 결혼하지 않으면 여우가 된다고?!!""
운명의 상대를 찾기 위한 윤하의 고군분투 연애담이 시작된다.",네이버 웹툰
298,도사 가온,김상민,토,"스토리, 액션",도사가 되고픈 소년 가온과 무명도사의 도술액션 모험판타지!,네이버 웹툰
299,누군가의 로섬,방농구,토,"스토리, 드라마","로섬이란 남자, 정체가 궁금하다.",네이버 웹툰
300,함부로 대해줘,선우,토,"스토리, 로맨스","지금도 조선시대는 이어지고 있다?!
성산마을에서 온 철벽남 제자 신윤복과 저돌적인 직진녀 스승 김홍도의 본격 디펜스 로맨스.",네이버 웹툰
301,먹지마세요,노도 / 비버,토,"스토리, 판타지","달콤한 복숭아 소년(?)
요괴와 귀신들에게 쫓기다.",네이버 웹툰
302,싸움독학,박태준 / 김정현,일,"스토리, 액션",힘없고 가난한 내가 우연히 발견한 비밀의 뉴투부. 그건 싸움을 가르치는 뉴투부였다.,네이버 웹툰
303,운수 오진 날,아포리아,일,"스토리, 스릴러","괴상하게도 오늘은, 운수가 좋더라니... 
함부로 낯선이와 동행하지 마라...!",네이버 웹툰
304,약한영웅,서패스 / 김진석,일,"에피소드, 액션","선천적으로 약한 소년이
두뇌와 도구, 심리를 이용하여 싸운다.",네이버 웹툰
305,열렙전사,김세훈,일,"스토리, 판타지","'퀘스트를 클리어 하는 자, 모든 것을 얻을 것이다'
현실 밖의 현실, 루시드 어드벤쳐 최강의 용사 '열렙전사'와 동료들이 벌이는 본격 RPG 어드벤쳐.",네이버 웹툰
306,맘마미안,미티 / 구구,일,"스토리, 드라마","아들보다 어려진 엄마?!
다 큰 아들의 목숨을 건 엄마 뒷바라지!",네이버 웹툰
307,이번 생도 잘 부탁해,이혜,일,"스토리, 로맨스","19회차 인생 로맨스의 최대 라이벌은 18회차 때의 나?
전생을 기억하는 여자의 저돌적 로맨스",네이버 웹툰
308,소녀재판,루즌아 / 보로콤,일,"스토리, 드라마","학교에서 아무것도 아니었던 소녀의 
예측불허 재판이 시작된다. ",네이버 웹툰
309,경비 배두만,이영곤,일,"스토리, 액션","지난 인생이 후회스러운 건달 출신의 60대 아파트 경비원 '두만'과 남은 인생이 막막한 20대 흥신소 직원 '새봄'
거대한 범죄 세력에 맞서기 위해 힘을 합쳤다!",네이버 웹툰
310,천하제일인,권순규 / 신권이,일,"스토리, 액션","긴말 필요 없다. 내가 바로 천하제일...
심부름꾼이다.",네이버 웹툰
311,도망자,신영우,일,"스토리, 액션","감옥에 수감된 한태수, 그를 죽이려는 잭, 그를 지키려는 강정오.
쫓고 쫓기는 세 명이, 차량전복으로 동시에 기억상실증에 걸리게 되는데…",네이버 웹툰
312,극야,운 / 한 큰빛,일,"스토리, 스릴러","폭설, 강풍, 혹한 그리고 반 년 간의 길고 긴 밤이 이어지는 남극의 겨울.
지구상 최악의 조건에 고립된 연구원들 앞에 정체불명의 ‘무언가’가 나타났다.",네이버 웹툰
313,오로지 너를 이기고 싶어,아마도지 / 사삭,일,"에피소드, 로맨스","태어나서 단 한번도 패배해본 적 없는 남주 '이기고'
그런 이기고를 처음으로 패배하게 만든 여주 '오로지'
과연 이 '내기'의 승자는 누가 될 것인가?",네이버 웹툰
314,행성인간,조석,일,"스토리, 스릴러","내가 어떤 존재들의 행성이라면?
조석 작가가 그리는 신개념 스릴러",네이버 웹툰
315,데이즈,양수,일,"스토리, 스릴러","대한민국 최고 재벌가의 첫째 아들이자 집안의 망나니 ‘한지한’은 오늘도
거하게 취했다. 오랜만에 아버지의 부름을 받고 집으로 갔지만
그 곳에는 아버지와 동생의 시체, 홀로 살아 있는 막내 ‘한지훈’만이 있었다.
어제까지 어리광 부리던 막내가 수많은 경찰들 앞에서 손가락을 들어
‘한지한’을 범인으로 지목하는데?!",네이버 웹툰
316,마법스크롤 상인 지오,엄재경 / 호패,일,"스토리, 판타지","마법사인 듯, 마법사 아닌
마법사 같은 너! 오지오!",네이버 웹툰
317,합격시켜주세용,이온,일,"스토리, 판타지","천년째 용이 되려는 수험생 바리와
전설의 과외선생 찬영이의 낙동강 용 합격 수기",네이버 웹툰
318,구름이 피워낸 꽃,비온후,일,"스토리, 로맨스","이름뿐인 왕녀에서 진정한 왕녀로!
아름다운 연꽃 아래 가려진 궁중 로맨스",네이버 웹툰
319,인어를 위한 수영교실,용찬,일,"스토리, 로맨스","헤엄에 서툰 인어를 위한 수영 교실! 
초아는 수영을 배워 그리워하던 바다로 다시 돌아갈 수 있을까?",네이버 웹툰
320,내일,라마,일,"옴니버스, 드라마","다 되는데 취업만은 안되는 취준생 최준웅(27세,남)
우연한 사고로 저승독점기업 주마등의 저승차사들을 만나게되고
 
특별 위기관리팀의 계약직 막내로 일하며 위기에 처한 사람들을 돕게 되는데.",네이버 웹툰
321,데빌샷,CTK,일,"스토리, 판타지","죽음을 마주한 순간,
지하세계의 왕과 계약했다.",네이버 웹툰
322,오른눈이 보는 세계,코어,일,"스토리, 판타지","“인간은 반드시 행복해야 한다.”
칩으로 감정을 통제하는 사회. 그리고 칩을 해킹하여 환각을 보게 하는 해커. 
부정적인 감정이 금지된 세상에서 우울증을 앓고 있는 화이트해커 아연의 생존기",네이버 웹툰
323,에리타,d몬,일,"스토리, 드라마","마지막 남은 인류의 존재 그리고, 에리타
'사람 3부작' 그 두 번째 이야기.",네이버 웹툰
324,학교정벌,나락 / 지앤,일,"스토리, 판타지","학교는 공부하는 곳이 아니다
대규모 전쟁 속 밑바닥들의 반란!",네이버 웹툰
325,강남도깨비,이경민 / 송준혁,일,"스토리, 판타지","전세계 44명, 황금의 피를 가진 전교1등을 노리는 도깨비가 나타났다.
지상 최대 공모전 최우수상 수상작!!",네이버 웹툰
326,다이스(DICE),윤현석,일,"스토리, 판타지","모든 걸 바꾸는 정육면체 - [다이스].
다이스(DICE)를 둘러싼 소년소녀들의 판타지 게임!",네이버 웹툰
327,가비지타임,2사장,일,"스토리, 스포츠","열혈따윈 개나 줘.
낙오자들 뿐인 농구부의 운명은?",네이버 웹툰
328,별이삼샵,혀노,일,"스토리, 드라마","발신자 제한번호로 
그녀에게 마음을 전했던 이야기",네이버 웹툰
329,라일락 200%,아니영,일,"스토리, 로맨스",대세 아이돌 진분홍과 아이돌 덕후 연하늘의 영혼 체인지!,네이버 웹툰
330,아르세니아의 마법사,박성호 / SAYM,일,"스토리, 판타지","평범한 고등학생에서 벗어나 레드 드래곤 레이어드에 의해 아르세니아 대륙으로 소환된 이결.
집으로 가기 위해서는 마법사가 되어서 드래곤 하트 조각을 모아야만 한다!
마법사가 되어버린 고등학생 이결은 새로운 동료들과 함께 아르세니아 대륙 모험을 시작한다!",네이버 웹툰
331,평행도시,고다,일,"스토리, 판타지","날 찾아온 또 다른 나..?
극악무도한 도플갱어의 습격,
그리고 눈 앞에 펼쳐진 끔찍한 평행세계.
다시 예전의 삶으로 돌아갈 수 있을까?",네이버 웹툰
332,잉여특공대,물꾹 / 찰떡,일,"스토리, 판타지",뽀짝이 특공대원들의 슈퍼히어로맨스!,네이버 웹툰
333,괴물신부,상범 / 스테익,일,"스토리, 판타지","어느날 해나에게 찾아와 신랑으로 삼아달라는 꽃미남들.
그들에게는 엄청난 비밀이 있었다!?",네이버 웹툰
334,웅이는 배고파,박웅,일,"에피소드, 일상",배고픈 웅이의 먹부림 이야기,네이버 웹툰
335,인싸라이프,힐링달,일,"스토리, 드라마","내 옷이 맘에 들어? 비밀 계정에서 라이크로 샀어!
원하는 것은 무엇이든 이루어주는 비밀 계정이 생겼다",네이버 웹툰
336,신이 담긴 아이,건치 / 호진,일,"스토리, 판타지","이승과 저승 사이, 신의 피가 흐르는 아이들을 위한 무당학교에
'예언의 아이'가 나타났다.",네이버 웹툰
337,무주의 맹시,마누비,일,"스토리, 로맨스","삼신할미의 저주를 풀기 위해
산신이 되는 세아의 파란만장 고교 생활!",네이버 웹툰
338,소녀 해미,이현우,일,"스토리, 스릴러","""난 당신을 지옥으로 보낼거야""
복수를 위해 신분세탁을 한 천재소녀 이야기",네이버 웹툰
339,그녀의 버킷리스트,황양 / 솦,일,"스토리, 드라마","미련없는 죽음을 위한
그녀의 완벽한 버킷리스트",네이버 웹툰
340,오늘도 사랑하세요,하찌,일,"스토리, 로맨스","우리 주변에 진짜 큐피드가 있다면 믿으시겠어요?
큐피드의 사랑만들기 대작전 시작합니다.",네이버 웹툰
341,여름은 뜨겁다,JQ / ZK,일,"스토리, 드라마","'어둠을 삼키는 흑룡’ 이라 불리는 동대정고 최강자  ‘신서용’.
그의 앞에 둘도 없는 친구  ‘피를 뿌리는 적룡, 한대용＇의 여동생 ‘한여름’이 나타난다. 
예측불허 여름과 얽히며 벌어지는 학원 코믹 성장물",네이버 웹툰
342,Here U Are,D JUN,일,"스토리, 로맨스","학교 최고의 인싸 선배 현우, 말 없고 무뚝뚝한 아싸 신입생 재환
성격도 생각도 반대인 두 사람의 만남은 악연? 아니면 인연?
입학식에서 만나 특별한 사이(?)가 될 두 사람의 이야기",네이버 웹툰
343,죽여주는 탐정님,뻥 / 조은,일,"스토리, 스릴러","타인의 거짓말을 꿰뚫어보는 고교생 백아. 
거짓으로 사건을 만들어내는 탐정을 만나고, 
세상에 그의 진실을 밝혀내야 한다.",네이버 웹툰
344,위험한 신입사원,박수정 / Jiya,일,"스토리, 로맨스","신입사원만 기다려온 입사 3년 차 그녀 정유림
그런데 왜 하필 회장님의 친손자가 신입 막내라니?!
신입사원 연하남과 위험천만 비밀 연애가 시작된다.",네이버 웹툰
345,불발소년,곤세,일,"에피소드, 드라마","킬러소년 민준, 소녀를 만나고 삶이 달라지다",네이버 웹툰
346,8월의 눈보라,김리아,일,"스토리, 로맨스","교복모델이었던 보라는 암흑 고3 시절을 거치며 이전의 모습은 온데간데 없다.
설상가상 재수까지 하게되고 학원에서 첫사랑 현우를 마주치고야 만다.
""가장 빛나는 시절 만났던 너에게 가장 어두운 지금 나를 보여주고 싶지 않아.""",네이버 웹툰
347,선녀야 야옹해봐!,햄톨탱크,일,"스토리, 로맨스","사랑 인연을 이어주기 위해 지상에 온 선녀 초미.
톱스타 강수에게 냥줍을 당하다..!!",네이버 웹툰
348,마도,이밤,완결,"스토리, 판타지","""그 얼굴, 안 쓸 거면 나줘!""
위험한 변신이 시작된다.",네이버 웹툰
349,스피릿 핑거스,한경찰,완결,"스토리, 로맨스","평범한 여고생, 알록달록 이상한 그림 모임에 들어가다!
나만의 색을 찾아 떠나는 모험 이야기!",네이버 웹툰
350,Ho!,억수씨,완결,"스토리, 드라마","청각장애인 Ho와 찌질남 원이가 펼치는 전혀 연애 이야기 같지 않은 연애 이야기
과연 늑대에게도 순정은 있는가?!",네이버 웹툰
351,검은인간,이저녁,완결,"스토리, 액션","너의 흉터도, 너의 두 눈도, 그리고… 너의 힘까지!
지금부터 모든 걸 바꿔줄게.",네이버 웹툰
352,공복의 저녁식사,김계란,완결,"스토리, 드라마","세상에는 왜 이렇게 맛있는 게 많을까
만두와의 저녁식사를 통한 식탐 소녀 복희의 좌충우돌 성장기",네이버 웹툰
353,공주는 잠 못 이루고,하가,완결,"스토리, 시대극","당신 없이는 살 수 없어
나는 구원 받을 수 있습니까?",네이버 웹툰
354,구구까까,혜니,완결,"스토리, 코믹",원시 시대로 넘어간 청담 핫걸 이나의 부족 생활 적응기,네이버 웹툰
355,귀도,주동근,완결,"옴니버스, 스릴러","귀신 본 적 있니?
이제 내가 본 걸 얘기해줄게…",네이버 웹툰
356,남과 여,혀노,완결,"스토리, 드라마",솔직한 20대의 흔한 사랑 이야기.,네이버 웹툰
357,내 ID는 강남미인,기맹기,완결,"스토리, 로맨스","못생긴 얼굴에서 미인으로 새롭게 태어난 그녀, 강미래!
그런데… 어디서 본 듯 한데?",네이버 웹툰
358,마음의 소리,조석,완결,"에피소드, 개그","솔직 담백 최강의 개그 만화 <마음의 소리>
날 가져요 엉엉",네이버 웹툰
359,목욕의 신,하일권,완결,"스토리, 드라마","신의 손을 가진 남자
최고의 목욕 관리사가 되기 위한 때밀이 배틀이 시작된다.",네이버 웹툰
360,스위트홈,김칸비 / 황영찬,완결,"스토리, 스릴러","절망의 세상을 비관하고 스스로를 고립시킨 한 소년,
하지만 이제 소년은 밖으로 나가고 싶다.",네이버 웹툰
361,신과 함께,주호민,완결,"스토리, 판타지","나쁘지도 착하지도 않은 평범한 남자 김자홍이
저승에서 49일 동안 일곱 번의 재판을 받게 된다.",네이버 웹툰
362,여중생A,허5파6,완결,"스토리, 드라마","게임에 빠져 사는 중학생 장미래.
생각 많고 내향적인 그녀의 현실 속 학교 생활.",네이버 웹툰
363,친애하는 X,반지운,완결,"스토리, 드라마","국내 최고의 여배우 '백아진'의 몰락,
그리고 그 뒤에 숨겨진 그녀의 두 얼굴",네이버 웹툰
364,패션왕,기안84,완결,"스토리, 드라마",멋있어지고 싶은 그들의 이야기,네이버 웹툰
365,폭풍의 전학생,강냉이,완결,"스토리, 액션","전학생의 알콩달콩 두근두근
버라이어티 학교 서바이벌",네이버 웹툰
366,하이브,김규삼,완결,"스토리, 판타지","거대해진 곤충들이 인간을 습격한다!
원시 시대로 돌아간 지구의 대기 상태",네이버 웹툰
367,한번 더 해요,미티 / 구구,완결,"스토리, 드라마","결혼 8년차 부부. 성대광과 유선영. 대학 시절 킹카 퀸카로 CC로 만나 결혼까지 골이했지만
이젠 지독한 현실에 서로에게 지쳐버린 권태기 부부일 뿐이었다. 그러던 어느 날..",네이버 웹툰
368,죽음에 관하여,시니 / 혀노,완결,"옴니버스, 드라마","삶과 죽음의 경계선, 그 곳엔 누가 있을까?
""가는 길에 심심한데 네 이야기나 한번 듣지""",네이버 웹툰
369,치즈인더트랩,순끼,완결,"스토리, 로맨스","평범한 여대생 홍설, 그리고 어딘가 수상한 선배 유정,
미묘한 관계의 이들이 펼쳐나가는 이야기",네이버 웹툰
370,대학일기,자까,완결,"에피소드, 코믹","로망이 꽃피는 캠퍼스는 없다.
극사실주의에 기반한 너무나 현실적인 우리의 대학일기",네이버 웹툰
371,타인은 지옥이다,김용키,완결,"스토리, 스릴러","모든 게 낯선 고시원 생활, 그 곳에 수상한 자들이 있다.",네이버 웹툰
372,싸우자귀신아,임인스,완결,"옴니버스, 드라마","귀신과 퇴마사의 좌충우돌 한판승부!
골 때리는 장르 불명의 이야기!",네이버 웹툰